timestamp,email,centro,grado,fecha,disponibilidad,dispositivos,frecuencia,p4,p5,p6,p7,p8,p9,p10,p11,p12,p13,p14,p15,p16,p17,p18,frecuencia_num,disponibilidad_bin,indice_proposito,indice_rendimiento,indice_motivacion
01/28/2025 00:00:00,estudiante1@escuela.edu,Juan Bautista De la Cruz,3ro B,01/28/2025,Sí,"Computadora,Proyector,Internet",Nunca,5,2,2,4,4,5,3,5,5,2,4,1,3,4,5,0.0,1,3.25,4.4,3.1666666666666665
01/31/2025 00:00:00,estudiante2@escuela.edu,Juan Bautista De la Cruz,3ro B,01/31/2025,Sí,"Computadora,Proyector,Internet",4-5 veces,1,3,3,2,5,1,1,1,2,2,4,5,2,3,3,4.5,1,2.25,2.0,3.1666666666666665
01/23/2025 00:00:00,estudiante3@escuela.edu,Federico Augusto Gonzalez,3ro A,01/23/2025,Sí,"Tableta,Proyector,Internet",Más de 5 veces,1,3,5,5,5,3,2,1,5,2,5,4,4,5,5,6.0,1,3.5,3.2,4.166666666666667
01/23/2025 00:00:00,estudiante4@escuela.edu,Federico Augusto Gonzalez,3ro A,01/23/2025,Sí,"Computadora,Tableta,Proyector,Internet",4-5 veces,2,4,5,2,1,4,4,4,5,3,4,1,4,1,5,4.5,1,3.25,3.6,3.0
01/27/2025 00:00:00,estudiante5@escuela.edu,Juan Bautista De la Cruz,3ro A,01/27/2025,Sí,"Computadora,Pantalla digital,Internet",2-3 veces,3,4,5,2,3,4,2,5,5,4,5,5,5,5,5,2.5,1,3.5,3.8,4.833333333333333
02/10/2025 00:00:00,estudiante6@escuela.edu,Federico Augusto Gonzalez,3ro C,02/10/2025,No,,Nunca,1,1,1,1,2,1,4,3,2,5,4,5,1,4,1,0.0,0,1.0,2.4,3.3333333333333335
01/28/2025 00:00:00,estudiante7@escuela.edu,Federico Augusto Gonzalez,3ro A,01/28/2025,Sí,"Computadora,Pantalla digital,Internet",4-5 veces,5,4,4,4,5,4,1,1,4,4,5,5,3,4,4,4.5,1,4.25,3.0,4.166666666666667
02/04/2025 00:00:00,estudiante8@escuela.edu,Federico Augusto Gonzalez,3ro C,02/04/2025,Sí,"Proyector,Internet,Bocinas",1 vez,5,5,5,4,5,1,5,1,1,2,2,3,4,4,2,1.0,1,4.75,2.6,2.8333333333333335
01/27/2025 00:00:00,estudiante9@escuela.edu,Federico Augusto Gonzalez,3ro A,01/27/2025,No,,2-3 veces,2,4,1,2,2,1,2,3,4,4,4,2,3,1,1,2.5,0,2.25,2.4,2.5
02/11/2025 00:00:00,estudiante10@escuela.edu,Juan Bautista De la Cruz,3ro A,02/11/2025,No sabe,,4-5 veces,1,1,3,5,3,3,4,1,3,1,5,1,1,2,1,4.5,0,2.5,2.8,1.8333333333333333
02/03/2025 00:00:00,estudiante11@escuela.edu,Juan Bautista De la Cruz,3ro B,02/03/2025,Sí,"Proyector,Internet,Bocinas",1 vez,1,2,3,1,4,5,1,3,2,5,5,5,1,2,5,1.0,1,1.75,3.0,3.8333333333333335
01/17/2025 00:00:00,estudiante12@escuela.edu,Juan Bautista De la Cruz,3ro B,01/17/2025,Sí,"Computadora,Pantalla digital,Internet",2-3 veces,2,5,4,4,4,3,2,2,4,5,1,5,4,5,5,2.5,1,3.75,3.0,4.166666666666667
01/22/2025 00:00:00,estudiante13@escuela.edu,Juan Bautista De la Cruz,3ro A,01/22/2025,Sí,"Computadora,Tableta,Proyector,Internet",Más de 5 veces,5,1,4,3,5,1,5,5,3,4,5,2,4,5,5,6.0,1,3.25,3.8,4.166666666666667
01/18/2025 00:00:00,estudiante14@escuela.edu,Juan Bautista De la Cruz,3ro C,01/18/2025,Sí,"Computadora,Pantalla digital,Internet",Más de 5 veces,4,2,5,1,5,4,5,1,2,1,1,5,2,5,4,6.0,1,3.0,3.4,3.0
01/30/2025 00:00:00,estudiante15@escuela.edu,Juan Bautista De la Cruz,3ro A,01/30/2025,Sí,"Computadora,Tableta,Proyector,Internet",Nunca,4,5,2,1,1,3,4,1,5,4,5,5,1,5,2,0.0,1,3.0,2.8,3.6666666666666665
02/02/2025 00:00:00,estudiante16@escuela.edu,Federico Augusto Gonzalez,3ro B,02/02/2025,Sí,"Computadora,Proyector,Internet",4-5 veces,5,5,4,5,4,5,2,3,1,5,4,4,4,4,4,4.5,1,4.75,3.0,4.166666666666667
02/09/2025 00:00:00,estudiante17@escuela.edu,Juan Bautista De la Cruz,3ro C,02/09/2025,Sí,"Computadora,Tableta,Proyector,Internet",4-5 veces,5,1,4,4,4,5,3,3,1,2,5,1,4,4,4,4.5,1,3.5,3.2,3.3333333333333335
02/09/2025 00:00:00,estudiante18@escuela.edu,Federico Augusto Gonzalez,3ro B,02/09/2025,No sabe,,Nunca,5,3,4,3,2,5,4,2,1,2,2,4,4,1,5,0.0,0,3.75,2.8,3.0
02/12/2025 00:00:00,estudiante19@escuela.edu,Federico Augusto Gonzalez,3ro C,02/12/2025,No,,1 vez,1,1,2,1,3,2,2,5,2,3,1,1,5,1,3,1.0,0,1.25,2.8,2.3333333333333335
01/17/2025 00:00:00,estudiante20@escuela.edu,Juan Bautista De la Cruz,3ro C,01/17/2025,Sí,"Computadora,Tableta,Proyector,Internet",1 vez,5,2,3,1,1,2,4,5,4,4,4,5,1,1,2,1.0,1,2.75,3.2,2.8333333333333335
02/04/2025 00:00:00,estudiante21@escuela.edu,Juan Bautista De la Cruz,3ro C,02/04/2025,No,,Nunca,5,2,2,1,4,2,2,3,1,2,4,1,5,3,1,0.0,0,2.5,2.4,2.6666666666666665
02/12/2025 00:00:00,estudiante22@escuela.edu,Federico Augusto Gonzalez,3ro C,02/12/2025,Sí,"Computadora,Pantalla digital,Internet",4-5 veces,5,5,4,5,3,5,5,2,4,4,5,4,1,4,2,4.5,1,4.75,3.8,3.3333333333333335
01/28/2025 00:00:00,estudiante23@escuela.edu,Juan Bautista De la Cruz,3ro B,01/28/2025,No sabe,,Más de 5 veces,4,1,4,2,2,1,5,2,4,3,3,1,4,2,2,6.0,0,2.75,2.8,2.5
01/20/2025 00:00:00,estudiante24@escuela.edu,Juan Bautista De la Cruz,3ro B,01/20/2025,Sí,"Computadora,Tableta,Proyector,Internet",Más de 5 veces,5,3,1,5,4,5,1,3,5,4,3,2,5,5,4,6.0,1,3.5,3.6,3.8333333333333335
01/17/2025 00:00:00,estudiante25@escuela.edu,Federico Augusto Gonzalez,3ro B,01/17/2025,Sí,"Proyector,Internet,Bocinas",4-5 veces,3,4,1,5,5,2,2,4,3,4,5,2,5,5,5,4.5,1,3.25,3.2,4.333333333333333
02/08/2025 00:00:00,estudiante26@escuela.edu,Juan Bautista De la Cruz,3ro B,02/08/2025,Sí,"Proyector,Internet,Bocinas",Más de 5 veces,2,4,4,1,3,5,1,5,5,5,4,5,5,4,4,6.0,1,2.75,3.8,4.5
02/01/2025 00:00:00,estudiante27@escuela.edu,Federico Augusto Gonzalez,3ro A,02/01/2025,Sí,"Computadora,Pantalla digital,Internet",Más de 5 veces,3,1,5,5,2,4,4,1,3,4,5,5,1,4,4,6.0,1,3.5,2.8,3.8333333333333335
02/14/2025 00:00:00,estudiante28@escuela.edu,Juan Bautista De la Cruz,3ro C,02/14/2025,Sí,"Computadora,Tableta,Proyector,Internet",2-3 veces,2,1,2,2,2,3,5,3,5,5,5,5,5,3,5,2.5,1,1.75,3.6,4.666666666666667
01/25/2025 00:00:00,estudiante29@escuela.edu,Federico Augusto Gonzalez,3ro C,01/25/2025,Sí,"Computadora,Tableta,Proyector,Internet",2-3 veces,4,1,4,2,3,3,4,3,1,5,4,4,1,5,4,2.5,1,2.75,2.8,3.8333333333333335
01/16/2025 00:00:00,estudiante30@escuela.edu,Juan Bautista De la Cruz,3ro A,01/16/2025,No sabe,,1 vez,1,5,4,2,3,1,1,4,2,2,3,4,1,2,3,1.0,0,3.0,2.2,2.5
01/21/2025 00:00:00,estudiante31@escuela.edu,Juan Bautista De la Cruz,3ro B,01/21/2025,Sí,"Computadora,Proyector,Internet",Más de 5 veces,1,2,1,5,2,3,1,3,5,4,1,4,5,4,3,6.0,1,2.25,2.8,3.5
02/02/2025 00:00:00,estudiante32@escuela.edu,Federico Augusto Gonzalez,3ro A,02/02/2025,Sí,"Computadora,Proyector,Internet",4-5 veces,4,3,1,2,1,4,4,5,5,3,5,2,4,4,4,4.5,1,2.5,3.8,3.6666666666666665
01/29/2025 00:00:00,estudiante33@escuela.edu,Federico Augusto Gonzalez,3ro B,01/29/2025,Sí,"Computadora,Tableta,Proyector,Internet",4-5 veces,4,1,2,4,5,5,4,4,1,5,5,2,5,1,4,4.5,1,2.75,3.8,3.6666666666666665
02/10/2025 00:00:00,estudiante34@escuela.edu,Federico Augusto Gonzalez,3ro C,02/10/2025,Sí,"Computadora,Tableta,Proyector,Internet",2-3 veces,3,1,3,1,4,2,5,2,4,5,4,4,4,5,4,2.5,1,2.0,3.4,4.333333333333333
01/27/2025 00:00:00,estudiante35@escuela.edu,Juan Bautista De la Cruz,3ro B,01/27/2025,No sabe,,Nunca,2,2,3,1,3,3,1,3,1,2,4,4,1,2,1,0.0,0,2.0,2.2,2.3333333333333335
02/09/2025 00:00:00,estudiante36@escuela.edu,Federico Augusto Gonzalez,3ro A,02/09/2025,Sí,"Computadora,Pantalla digital,Internet",4-5 veces,4,1,5,4,4,2,2,4,1,1,5,3,4,4,4,4.5,1,3.5,2.6,3.5
01/31/2025 00:00:00,estudiante37@escuela.edu,Federico Augusto Gonzalez,3ro B,01/31/2025,Sí,"Proyector,Internet,Bocinas",Más de 5 veces,4,4,4,1,4,4,2,5,2,4,4,2,2,5,3,6.0,1,3.25,3.4,3.3333333333333335
02/11/2025 00:00:00,estudiante38@escuela.edu,Federico Augusto Gonzalez,3ro B,02/11/2025,No sabe,,Nunca,1,3,1,1,3,2,5,3,3,2,4,5,1,3,3,0.0,0,1.5,3.2,3.0
02/04/2025 00:00:00,estudiante39@escuela.edu,Juan Bautista De la Cruz,3ro C,02/04/2025,No,,Más de 5 veces,3,1,2,1,1,1,4,5,5,2,2,3,1,1,4,6.0,0,1.75,3.2,2.1666666666666665
01/27/2025 00:00:00,estudiante40@escuela.edu,Juan Bautista De la Cruz,3ro C,01/27/2025,No sabe,,Nunca,3,2,1,1,3,5,2,1,2,4,1,1,1,5,1,0.0,0,1.75,2.6,2.1666666666666665
01/22/2025 00:00:00,estudiante41@escuela.edu,Federico Augusto Gonzalez,3ro B,01/22/2025,Sí,"Computadora,Pantalla digital,Internet",2-3 veces,5,2,4,1,5,3,3,5,1,5,4,2,4,2,5,2.5,1,3.0,3.4,3.6666666666666665
02/02/2025 00:00:00,estudiante42@escuela.edu,Juan Bautista De la Cruz,3ro A,02/02/2025,No,,Más de 5 veces,2,5,5,2,1,1,3,2,2,2,4,2,4,2,1,6.0,0,3.5,1.8,2.5
01/24/2025 00:00:00,estudiante43@escuela.edu,Federico Augusto Gonzalez,3ro C,01/24/2025,Sí,"Tableta,Proyector,Internet",Más de 5 veces,2,5,2,4,5,3,3,2,4,3,4,3,5,5,3,6.0,1,3.25,3.4,3.8333333333333335
01/28/2025 00:00:00,estudiante44@escuela.edu,Federico Augusto Gonzalez,3ro C,01/28/2025,Sí,"Computadora,Pantalla digital,Internet",2-3 veces,3,2,5,4,4,2,2,1,5,1,5,2,4,3,4,2.5,1,3.5,2.8,3.1666666666666665
01/15/2025 00:00:00,estudiante45@escuela.edu,Federico Augusto Gonzalez,3ro C,01/15/2025,Sí,"Tableta,Proyector,Internet",Más de 5 veces,4,4,5,3,2,4,5,4,1,4,4,5,4,4,4,6.0,1,4.0,3.2,4.166666666666667
02/04/2025 00:00:00,estudiante46@escuela.edu,Juan Bautista De la Cruz,3ro C,02/04/2025,No,,Nunca,2,2,1,1,3,2,4,2,3,2,3,5,2,3,4,0.0,0,1.5,2.8,3.1666666666666665
01/16/2025 00:00:00,estudiante47@escuela.edu,Juan Bautista De la Cruz,3ro C,01/16/2025,Sí,"Computadora,Pantalla digital,Internet",4-5 veces,2,3,2,4,3,4,3,5,2,4,3,5,4,4,5,4.5,1,2.75,3.4,4.166666666666667
01/27/2025 00:00:00,estudiante48@escuela.edu,Juan Bautista De la Cruz,3ro A,01/27/2025,No,,2-3 veces,2,2,2,5,1,4,2,3,1,1,3,1,1,2,1,2.5,0,2.75,2.2,1.5
02/05/2025 00:00:00,estudiante49@escuela.edu,Juan Bautista De la Cruz,3ro C,02/05/2025,Sí,"Computadora,Pantalla digital,Internet",2-3 veces,1,2,3,4,4,3,4,1,2,4,4,5,4,4,1,2.5,1,2.5,2.8,3.6666666666666665
02/07/2025 00:00:00,estudiante50@escuela.edu,Juan Bautista De la Cruz,3ro A,02/07/2025,Sí,"Tableta,Proyector,Internet",2-3 veces,5,2,5,1,5,1,5,5,5,1,4,1,2,1,5,2.5,1,3.25,4.2,2.3333333333333335
01/17/2025 00:00:00,estudiante51@escuela.edu,Federico Augusto Gonzalez,3ro B,01/17/2025,No,,Nunca,3,1,4,2,2,5,5,4,1,2,3,5,2,1,1,0.0,0,2.5,3.4,2.3333333333333335
01/19/2025 00:00:00,estudiante52@escuela.edu,Federico Augusto Gonzalez,3ro C,01/19/2025,No sabe,,4-5 veces,3,2,1,1,1,3,5,1,2,3,4,1,1,1,2,4.5,0,1.75,2.4,2.0
02/14/2025 00:00:00,estudiante53@escuela.edu,Federico Augusto Gonzalez,3ro A,02/14/2025,No sabe,,Nunca,2,1,2,2,2,4,2,2,5,3,1,2,4,1,4,0.0,0,1.75,3.0,2.5
01/26/2025 00:00:00,estudiante54@escuela.edu,Federico Augusto Gonzalez,3ro B,01/26/2025,Sí,"Computadora,Proyector,Internet",4-5 veces,2,5,1,3,5,4,4,4,5,5,5,1,5,4,2,4.5,1,2.75,4.4,3.6666666666666665
02/04/2025 00:00:00,estudiante55@escuela.edu,Juan Bautista De la Cruz,3ro C,02/04/2025,No,,Nunca,1,5,2,3,3,3,5,1,4,5,3,1,1,1,3,0.0,0,2.75,3.2,2.3333333333333335
01/23/2025 00:00:00,estudiante56@escuela.edu,Federico Augusto Gonzalez,3ro C,01/23/2025,No,,1 vez,5,3,3,2,2,5,1,1,2,1,1,2,5,4,2,1.0,0,3.25,2.2,2.5
02/11/2025 00:00:00,estudiante57@escuela.edu,Federico Augusto Gonzalez,3ro C,02/11/2025,Sí,"Computadora,Tableta,Proyector,Internet",2-3 veces,2,2,1,2,2,2,5,3,4,2,5,5,2,5,2,2.5,1,1.75,3.2,3.5
02/05/2025 00:00:00,estudiante58@escuela.edu,Juan Bautista De la Cruz,3ro A,02/05/2025,Sí,"Computadora,Proyector,Internet",4-5 veces,2,1,2,1,3,1,3,5,1,5,5,3,4,4,5,4.5,1,1.5,2.6,4.333333333333333
01/23/2025 00:00:00,estudiante59@escuela.edu,Federico Augusto Gonzalez,3ro B,01/23/2025,No,,Más de 5 veces,4,1,2,2,2,2,1,2,3,5,4,1,4,2,5,6.0,0,2.25,2.0,3.5
02/13/2025 00:00:00,estudiante60@escuela.edu,Federico Augusto Gonzalez,3ro B,02/13/2025,Sí,"Computadora,Tableta,Proyector,Internet",2-3 veces,2,2,4,1,1,1,5,1,1,5,3,3,5,4,5,2.5,1,2.25,1.8,4.166666666666667
02/14/2025 00:00:00,estudiante61@escuela.edu,Juan Bautista De la Cruz,3ro B,02/14/2025,No,,Nunca,1,5,2,1,2,3,2,4,1,4,3,4,2,4,2,0.0,0,2.25,2.4,3.1666666666666665
01/19/2025 00:00:00,estudiante62@escuela.edu,Federico Augusto Gonzalez,3ro B,01/19/2025,Sí,"Computadora,Proyector,Internet",1 vez,4,2,3,5,5,1,5,2,1,4,3,1,1,4,4,1.0,1,3.5,2.8,2.8333333333333335
01/28/2025 00:00:00,estudiante63@escuela.edu,Juan Bautista De la Cruz,3ro A,01/28/2025,No sabe,,Nunca,2,1,2,1,1,2,1,5,1,5,2,2,5,2,3,0.0,0,1.5,2.0,3.1666666666666665
02/02/2025 00:00:00,estudiante64@escuela.edu,Federico Augusto Gonzalez,3ro A,02/02/2025,Sí,"Computadora,Proyector,Internet",4-5 veces,4,4,4,5,1,4,4,2,4,5,1,5,5,5,5,4.5,1,4.25,3.0,4.333333333333333
02/11/2025 00:00:00,estudiante65@escuela.edu,Juan Bautista De la Cruz,3ro B,02/11/2025,Sí,"Tableta,Proyector,Internet",4-5 veces,2,2,2,1,3,4,5,5,4,2,1,2,5,5,3,4.5,1,1.75,4.2,3.0
02/03/2025 00:00:00,estudiante66@escuela.edu,Federico Augusto Gonzalez,3ro B,02/03/2025,Sí,"Proyector,Internet,Bocinas",2-3 veces,4,3,4,2,2,1,5,5,2,4,1,4,3,4,4,2.5,1,3.25,3.0,3.3333333333333335
02/14/2025 00:00:00,estudiante67@escuela.edu,Juan Bautista De la Cruz,3ro B,02/14/2025,Sí,"Computadora,Proyector,Internet",2-3 veces,1,3,4,4,5,4,3,4,2,2,5,2,3,4,5,2.5,1,3.0,3.6,3.5
01/18/2025 00:00:00,estudiante68@escuela.edu,Juan Bautista De la Cruz,3ro C,01/18/2025,No,,Nunca,2,2,4,2,1,5,1,2,2,4,5,3,2,4,1,0.0,0,2.5,2.2,3.1666666666666665
02/03/2025 00:00:00,estudiante69@escuela.edu,Juan Bautista De la Cruz,3ro B,02/03/2025,Sí,"Tableta,Proyector,Internet",Más de 5 veces,4,5,2,4,5,2,4,5,5,4,1,3,2,2,3,6.0,1,3.75,4.2,2.5
02/05/2025 00:00:00,estudiante70@escuela.edu,Juan Bautista De la Cruz,3ro A,02/05/2025,Sí,"Tableta,Proyector,Internet",2-3 veces,4,4,1,4,1,4,3,1,3,5,5,5,4,2,2,2.5,1,3.25,2.4,3.8333333333333335
01/29/2025 00:00:00,estudiante71@escuela.edu,Juan Bautista De la Cruz,3ro B,01/29/2025,Sí,"Tableta,Proyector,Internet",4-5 veces,3,4,4,5,4,3,5,4,1,4,2,4,4,4,3,4.5,1,4.0,3.4,3.5
01/27/2025 00:00:00,estudiante72@escuela.edu,Federico Augusto Gonzalez,3ro C,01/27/2025,Sí,"Computadora,Tableta,Proyector,Internet",1 vez,4,5,1,4,1,4,2,3,5,4,4,4,4,5,5,1.0,1,3.5,3.0,4.333333333333333
02/07/2025 00:00:00,estudiante73@escuela.edu,Federico Augusto Gonzalez,3ro A,02/07/2025,No sabe,,1 vez,1,2,2,2,3,2,1,4,5,4,4,5,3,5,5,1.0,0,1.75,3.0,4.333333333333333
01/30/2025 00:00:00,estudiante74@escuela.edu,Juan Bautista De la Cruz,3ro C,01/30/2025,No,,1 vez,2,3,3,1,1,1,1,4,4,1,1,1,1,2,2,1.0,0,2.25,2.2,1.3333333333333333
01/18/2025 00:00:00,estudiante75@escuela.edu,Federico Augusto Gonzalez,3ro B,01/18/2025,Sí,"Proyector,Internet,Bocinas",4-5 veces,5,3,4,5,5,5,4,2,5,5,5,2,1,2,5,4.5,1,4.25,4.2,3.3333333333333335
02/06/2025 00:00:00,estudiante76@escuela.edu,Juan Bautista De la Cruz,3ro C,02/06/2025,No,,1 vez,1,1,4,4,5,1,1,2,4,1,2,1,1,1,4,1.0,0,2.5,2.6,1.6666666666666667
01/28/2025 00:00:00,estudiante77@escuela.edu,Federico Augusto Gonzalez,3ro B,01/28/2025,Sí,"Tableta,Proyector,Internet",4-5 veces,1,4,2,5,4,4,4,5,2,2,5,4,2,3,4,4.5,1,3.0,3.8,3.3333333333333335
02/02/2025 00:00:00,estudiante78@escuela.edu,Federico Augusto Gonzalez,3ro C,02/02/2025,Sí,"Tableta,Proyector,Internet",2-3 veces,1,1,4,1,4,2,2,4,2,2,5,3,2,4,4,2.5,1,1.75,2.8,3.3333333333333335
02/03/2025 00:00:00,estudiante79@escuela.edu,Juan Bautista De la Cruz,3ro B,02/03/2025,No,,Nunca,1,2,1,3,2,2,4,3,2,1,4,1,1,1,2,0.0,0,1.75,2.6,1.6666666666666667
02/11/2025 00:00:00,estudiante80@escuela.edu,Federico Augusto Gonzalez,3ro C,02/11/2025,Sí,"Computadora,Tableta,Proyector,Internet",1 vez,4,4,5,4,1,2,5,2,5,5,3,4,3,1,5,1.0,1,4.25,3.0,3.5
